keyword,url
blocked drain sheffield,https://blockeddrainssheffield.co.uk/
blocked drains sheffield,https://blockeddrainssheffield.co.uk/
blocked drains in sheffield,https://blockeddrainssheffield.co.uk/
drain blockage sheffield,https://blockeddrainssheffield.co.uk/
sheffield blocked drains,https://blockeddrainssheffield.co.uk/
blocked toilet sheffield,https://blockeddrainssheffield.co.uk/services/blocked-drains/blocked-toilet
blocked sink sheffield,https://blockeddrainssheffield.co.uk/services/blocked-drains/blocked-sink
cctv drain survey sheffield,https://blockeddrainssheffield.co.uk/services/cctv-drain-surveys
cctv drain survey cost,https://blockeddrainssheffield.co.uk/services/cctv-drain-surveys
cctv drainage survey cost,https://blockeddrainssheffield.co.uk/services/cctv-drain-surveys
drainage cctv survey cost,https://blockeddrainssheffield.co.uk/services/cctv-drain-surveys
drain jetting sheffield,https://blockeddrainssheffield.co.uk/services/drain-jetting
high pressure drain jetting,https://blockeddrainssheffield.co.uk/services/drain-jetting
emergency drain unblocking sheffield,https://blockeddrainssheffield.co.uk/services/emergency-drain-services
24 hour drain unblocking sheffield,https://blockeddrainssheffield.co.uk/services/emergency-drain-services
drain repairs sheffield,https://blockeddrainssheffield.co.uk/services/drain-repairs
drain relining sheffield,https://blockeddrainssheffield.co.uk/services/drain-repairs/pipe-relining
blocked drains rotherham,https://blockeddrainssheffield.co.uk/locations/rotherham/blocked-drains
blocked drains doncaster,https://blockeddrainssheffield.co.uk/locations/doncaster/blocked-drains
blocked drains barnsley,https://blockeddrainssheffield.co.uk/locations/barnsley/blocked-drains
blocked drains chesterfield,https://blockeddrainssheffield.co.uk/locations/chesterfield/blocked-drains
blocked drains dronfield,https://blockeddrainssheffield.co.uk/locations/dronfield/blocked-drains
blocked drains chapeltown,https://blockeddrainssheffield.co.uk/locations/chapeltown/blocked-drains
blocked drains stocksbridge,https://blockeddrainssheffield.co.uk/locations/stocksbridge/blocked-drains
blocked drains hillsborough,https://blockeddrainssheffield.co.uk/locations/hillsborough/blocked-drains
blocked drains ecclesall,https://blockeddrainssheffield.co.uk/locations/ecclesall/blocked-drains
drain unblocking near me,https://blockeddrainssheffield.co.uk/locations
